Gregorian,Hijri_date
2023-01-01,08-06-1444
2023-01-02,09-06-1444
2023-01-03,10-06-1444
2023-01-04,11-06-1444
2023-01-05,12-06-1444
2023-01-06,13-06-1444
2023-01-07,14-06-1444
2023-01-08,15-06-1444
2023-01-09,16-06-1444
2023-01-10,17-06-1444
2023-01-11,18-06-1444
2023-01-12,19-06-1444
2023-01-13,20-06-1444
2023-01-14,21-06-1444
2023-01-15,22-06-1444
2023-01-16,23-06-1444
2023-01-17,24-06-1444
2023-01-18,25-06-1444
2023-01-19,26-06-1444
2023-01-20,27-06-1444
2023-01-21,28-06-1444
2023-01-22,29-06-1444
2023-01-23,01-07-1444
2023-01-24,02-07-1444
2023-01-25,03-07-1444
2023-01-26,04-07-1444
2023-01-27,05-07-1444
2023-01-28,06-07-1444
2023-01-29,07-07-1444
2023-01-30,08-07-1444
2023-01-31,09-07-1444
2023-02-01,10-07-1444
2023-02-02,11-07-1444
2023-02-03,12-07-1444
2023-02-04,13-07-1444
2023-02-05,14-07-1444
2023-02-06,15-07-1444
2023-02-07,16-07-1444
2023-02-08,17-07-1444
2023-02-09,18-07-1444
2023-02-10,19-07-1444
2023-02-11,20-07-1444
2023-02-12,21-07-1444
2023-02-13,22-07-1444
2023-02-14,23-07-1444
2023-02-15,24-07-1444
2023-02-16,25-07-1444
2023-02-17,26-07-1444
2023-02-18,27-07-1444
2023-02-19,28-07-1444
2023-02-20,29-07-1444
2023-02-21,01-08-1444
2023-02-22,02-08-1444
2023-02-23,03-08-1444
2023-02-24,04-08-1444
2023-02-25,05-08-1444
2023-02-26,06-08-1444
2023-02-27,07-08-1444
2023-02-28,08-08-1444
2023-03-01,09-08-1444
2023-03-02,10-08-1444
2023-03-03,11-08-1444
2023-03-04,12-08-1444
2023-03-05,13-08-1444
2023-03-06,14-08-1444
2023-03-07,15-08-1444
2023-03-08,16-08-1444
2023-03-09,17-08-1444
2023-03-10,18-08-1444
2023-03-11,19-08-1444
2023-03-12,20-08-1444
2023-03-13,21-08-1444
2023-03-14,22-08-1444
2023-03-15,23-08-1444
2023-03-16,24-08-1444
2023-03-17,25-08-1444
2023-03-18,26-08-1444
2023-03-19,27-08-1444
2023-03-20,28-08-1444
2023-03-21,29-08-1444
2023-03-22,30-08-1444
2023-03-23,01-09-1444
2023-03-24,02-09-1444
2023-03-25,03-09-1444
2023-03-26,04-09-1444
2023-03-27,05-09-1444
2023-03-28,06-09-1444
2023-03-29,07-09-1444
2023-03-30,08-09-1444
2023-03-31,09-09-1444
2023-04-01,10-09-1444
2023-04-02,11-09-1444
2023-04-03,12-09-1444
2023-04-04,13-09-1444
2023-04-05,14-09-1444
2023-04-06,15-09-1444
2023-04-07,16-09-1444
2023-04-08,17-09-1444
2023-04-09,18-09-1444
2023-04-10,19-09-1444
2023-04-11,20-09-1444
2023-04-12,21-09-1444
2023-04-13,22-09-1444
2023-04-14,23-09-1444
2023-04-15,24-09-1444
2023-04-16,25-09-1444
2023-04-17,26-09-1444
2023-04-18,27-09-1444
2023-04-19,28-09-1444
2023-04-20,29-09-1444
2023-04-21,01-10-1444
2023-04-22,02-10-1444
2023-04-23,03-10-1444
2023-04-24,04-10-1444
2023-04-25,05-10-1444
2023-04-26,06-10-1444
2023-04-27,07-10-1444
2023-04-28,08-10-1444
2023-04-29,09-10-1444
2023-04-30,10-10-1444
2023-05-01,11-10-1444
2023-05-02,12-10-1444
2023-05-03,13-10-1444
2023-05-04,14-10-1444
2023-05-05,15-10-1444
2023-05-06,16-10-1444
2023-05-07,17-10-1444
2023-05-08,18-10-1444
2023-05-09,19-10-1444
2023-05-10,20-10-1444
2023-05-11,21-10-1444
2023-05-12,22-10-1444
2023-05-13,23-10-1444
2023-05-14,24-10-1444
2023-05-15,25-10-1444
2023-05-16,26-10-1444
2023-05-17,27-10-1444
2023-05-18,28-10-1444
2023-05-19,29-10-1444
2023-05-20,30-10-1444
2023-05-21,01-11-1444
2023-05-22,02-11-1444
2023-05-23,03-11-1444
2023-05-24,04-11-1444
2023-05-25,05-11-1444
2023-05-26,06-11-1444
2023-05-27,07-11-1444
2023-05-28,08-11-1444
2023-05-29,09-11-1444
2023-05-30,10-11-1444
2023-05-31,11-11-1444
2023-06-01,12-11-1444
2023-06-02,13-11-1444
2023-06-03,14-11-1444
2023-06-04,15-11-1444
2023-06-05,16-11-1444
2023-06-06,17-11-1444
2023-06-07,18-11-1444
2023-06-08,19-11-1444
2023-06-09,20-11-1444
2023-06-10,21-11-1444
2023-06-11,22-11-1444
2023-06-12,23-11-1444
2023-06-13,24-11-1444
2023-06-14,25-11-1444
2023-06-15,26-11-1444
2023-06-16,27-11-1444
2023-06-17,28-11-1444
2023-06-18,29-11-1444
2023-06-19,01-12-1444
2023-06-20,02-12-1444
2023-06-21,03-12-1444
2023-06-22,04-12-1444
2023-06-23,05-12-1444
2023-06-24,06-12-1444
2023-06-25,07-12-1444
2023-06-26,08-12-1444
2023-06-27,09-12-1444
2023-06-28,10-12-1444
2023-06-29,11-12-1444
2023-06-30,12-12-1444
2023-07-01,13-12-1444
2023-07-02,14-12-1444
2023-07-03,15-12-1444
2023-07-04,16-12-1444
2023-07-05,17-12-1444
2023-07-06,18-12-1444
2023-07-07,19-12-1444
2023-07-08,20-12-1444
2023-07-09,21-12-1444
2023-07-10,22-12-1444
2023-07-11,23-12-1444
2023-07-12,24-12-1444
2023-07-13,25-12-1444
2023-07-14,26-12-1444
2023-07-15,27-12-1444
2023-07-16,28-12-1444
2023-07-17,29-12-1444
2023-07-18,30-12-1444
2023-07-19,01-01-1445
2023-07-20,02-01-1445
2023-07-21,03-01-1445
2023-07-22,04-01-1445
2023-07-23,05-01-1445
2023-07-24,06-01-1445
2023-07-25,07-01-1445
2023-07-26,08-01-1445
2023-07-27,09-01-1445
2023-07-28,10-01-1445
2023-07-29,11-01-1445
2023-07-30,12-01-1445
2023-07-31,13-01-1445
2023-08-01,14-01-1445
2023-08-02,15-01-1445
2023-08-03,16-01-1445
2023-08-04,17-01-1445
2023-08-05,18-01-1445
2023-08-06,19-01-1445
2023-08-07,20-01-1445
2023-08-08,21-01-1445
2023-08-09,22-01-1445
2023-08-10,23-01-1445
2023-08-11,24-01-1445
2023-08-12,25-01-1445
2023-08-13,26-01-1445
2023-08-14,27-01-1445
2023-08-15,28-01-1445
2023-08-16,29-01-1445
2023-08-17,01-02-1445
2023-08-18,02-02-1445
2023-08-19,03-02-1445
2023-08-20,04-02-1445
2023-08-21,05-02-1445
2023-08-22,06-02-1445
2023-08-23,07-02-1445
2023-08-24,08-02-1445
2023-08-25,09-02-1445
2023-08-26,10-02-1445
2023-08-27,11-02-1445
2023-08-28,12-02-1445
2023-08-29,13-02-1445
2023-08-30,14-02-1445
2023-08-31,15-02-1445
2023-09-01,16-02-1445
2023-09-02,17-02-1445
2023-09-03,18-02-1445
2023-09-04,19-02-1445
2023-09-05,20-02-1445
2023-09-06,21-02-1445
2023-09-07,22-02-1445
2023-09-08,23-02-1445
2023-09-09,24-02-1445
2023-09-10,25-02-1445
2023-09-11,26-02-1445
2023-09-12,27-02-1445
2023-09-13,28-02-1445
2023-09-14,29-02-1445
2023-09-15,30-02-1445
2023-09-16,01-03-1445
2023-09-17,02-03-1445
2023-09-18,03-03-1445
2023-09-19,04-03-1445
2023-09-20,05-03-1445
2023-09-21,06-03-1445
2023-09-22,07-03-1445
2023-09-23,08-03-1445
2023-09-24,09-03-1445
2023-09-25,10-03-1445
2023-09-26,11-03-1445
2023-09-27,12-03-1445
2023-09-28,13-03-1445
2023-09-29,14-03-1445
2023-09-30,15-03-1445
2023-10-01,16-03-1445
2023-10-02,17-03-1445
2023-10-03,18-03-1445
2023-10-04,19-03-1445
2023-10-05,20-03-1445
2023-10-06,21-03-1445
2023-10-07,22-03-1445
2023-10-08,23-03-1445
2023-10-09,24-03-1445
2023-10-10,25-03-1445
2023-10-11,26-03-1445
2023-10-12,27-03-1445
2023-10-13,28-03-1445
2023-10-14,29-03-1445
2023-10-15,30-03-1445
2023-10-16,01-04-1445
2023-10-17,02-04-1445
2023-10-18,03-04-1445
2023-10-19,04-04-1445
2023-10-20,05-04-1445
2023-10-21,06-04-1445
2023-10-22,07-04-1445
2023-10-23,08-04-1445
2023-10-24,09-04-1445
2023-10-25,10-04-1445
2023-10-26,11-04-1445
2023-10-27,12-04-1445
2023-10-28,13-04-1445
2023-10-29,14-04-1445
2023-10-30,15-04-1445
2023-10-31,16-04-1445
2023-11-01,17-04-1445
2023-11-02,18-04-1445
2023-11-03,19-04-1445
2023-11-04,20-04-1445
2023-11-05,21-04-1445
2023-11-06,22-04-1445
2023-11-07,23-04-1445
2023-11-08,24-04-1445
2023-11-09,25-04-1445
2023-11-10,26-04-1445
2023-11-11,27-04-1445
2023-11-12,28-04-1445
2023-11-13,29-04-1445
2023-11-14,30-04-1445
2023-11-15,01-05-1445
2023-11-16,02-05-1445
2023-11-17,03-05-1445
2023-11-18,04-05-1445
2023-11-19,05-05-1445
2023-11-20,06-05-1445
2023-11-21,07-05-1445
2023-11-22,08-05-1445
2023-11-23,09-05-1445
2023-11-24,10-05-1445
2023-11-25,11-05-1445
2023-11-26,12-05-1445
2023-11-27,13-05-1445
2023-11-28,14-05-1445
2023-11-29,15-05-1445
2023-11-30,16-05-1445
2023-12-01,17-05-1445
2023-12-02,18-05-1445
2023-12-03,19-05-1445
2023-12-04,20-05-1445
2023-12-05,21-05-1445
2023-12-06,22-05-1445
2023-12-07,23-05-1445
2023-12-08,24-05-1445
2023-12-09,25-05-1445
2023-12-10,26-05-1445
2023-12-11,27-05-1445
2023-12-12,28-05-1445
2023-12-13,29-05-1445
2023-12-14,01-06-1445
2023-12-15,02-06-1445
2023-12-16,03-06-1445
2023-12-17,04-06-1445
2023-12-18,05-06-1445
2023-12-19,06-06-1445
2023-12-20,07-06-1445
2023-12-21,08-06-1445
2023-12-22,09-06-1445
2023-12-23,10-06-1445
2023-12-24,11-06-1445
2023-12-25,12-06-1445
2023-12-26,13-06-1445
2023-12-27,14-06-1445
2023-12-28,15-06-1445
2023-12-29,16-06-1445
2023-12-30,17-06-1445
2023-12-31,18-06-1445
2024-01-01,19-06-1445
2024-01-02,20-06-1445
2024-01-03,21-06-1445
2024-01-04,22-06-1445
2024-01-05,23-06-1445
2024-01-06,24-06-1445
2024-01-07,25-06-1445
2024-01-08,26-06-1445
2024-01-09,27-06-1445
2024-01-10,28-06-1445
2024-01-11,29-06-1445
2024-01-12,30-06-1445
2024-01-13,01-07-1445
2024-01-14,02-07-1445
2024-01-15,03-07-1445
2024-01-16,04-07-1445
2024-01-17,05-07-1445
2024-01-18,06-07-1445
2024-01-19,07-07-1445
2024-01-20,08-07-1445
2024-01-21,09-07-1445
2024-01-22,10-07-1445
2024-01-23,11-07-1445
2024-01-24,12-07-1445
2024-01-25,13-07-1445
2024-01-26,14-07-1445
2024-01-27,15-07-1445
2024-01-28,16-07-1445
2024-01-29,17-07-1445
2024-01-30,18-07-1445
2024-01-31,19-07-1445
2024-02-01,20-07-1445
2024-02-02,21-07-1445
2024-02-03,22-07-1445
2024-02-04,23-07-1445
2024-02-05,24-07-1445
2024-02-06,25-07-1445
2024-02-07,26-07-1445
2024-02-08,27-07-1445
2024-02-09,28-07-1445
2024-02-10,29-07-1445
2024-02-11,01-08-1445
2024-02-12,02-08-1445
2024-02-13,03-08-1445
2024-02-14,04-08-1445
2024-02-15,05-08-1445
2024-02-16,06-08-1445
2024-02-17,07-08-1445
2024-02-18,08-08-1445
2024-02-19,09-08-1445
2024-02-20,10-08-1445
2024-02-21,11-08-1445
2024-02-22,12-08-1445
2024-02-23,13-08-1445
2024-02-24,14-08-1445
2024-02-25,15-08-1445
2024-02-26,16-08-1445
2024-02-27,17-08-1445
2024-02-28,18-08-1445
2024-02-29,19-08-1445
2024-03-01,20-08-1445
2024-03-02,21-08-1445
2024-03-03,22-08-1445
2024-03-04,23-08-1445
2024-03-05,24-08-1445
2024-03-06,25-08-1445
2024-03-07,26-08-1445
2024-03-08,27-08-1445
2024-03-09,28-08-1445
2024-03-10,29-08-1445
2024-03-11,01-09-1445
2024-03-12,02-09-1445
2024-03-13,03-09-1445
2024-03-14,04-09-1445
2024-03-15,05-09-1445
2024-03-16,06-09-1445
2024-03-17,07-09-1445
2024-03-18,08-09-1445
2024-03-19,09-09-1445
2024-03-20,10-09-1445
2024-03-21,11-09-1445
2024-03-22,12-09-1445
2024-03-23,13-09-1445
2024-03-24,14-09-1445
2024-03-25,15-09-1445
2024-03-26,16-09-1445
2024-03-27,17-09-1445
2024-03-28,18-09-1445
2024-03-29,19-09-1445
2024-03-30,20-09-1445
2024-03-31,21-09-1445
2024-04-01,22-09-1445
2024-04-02,23-09-1445
2024-04-03,24-09-1445
2024-04-04,25-09-1445
2024-04-05,26-09-1445
2024-04-06,27-09-1445
2024-04-07,28-09-1445
2024-04-08,29-09-1445
2024-04-09,30-09-1445
2024-04-10,01-10-1445
2024-04-11,02-10-1445
2024-04-12,03-10-1445
2024-04-13,04-10-1445
2024-04-14,05-10-1445
2024-04-15,06-10-1445
2024-04-16,07-10-1445
2024-04-17,08-10-1445
2024-04-18,09-10-1445
2024-04-19,10-10-1445
2024-04-20,11-10-1445
2024-04-21,12-10-1445
2024-04-22,13-10-1445
2024-04-23,14-10-1445
2024-04-24,15-10-1445
2024-04-25,16-10-1445
2024-04-26,17-10-1445
2024-04-27,18-10-1445
2024-04-28,19-10-1445
2024-04-29,20-10-1445
2024-04-30,21-10-1445
2024-05-01,22-10-1445
2024-05-02,23-10-1445
2024-05-03,24-10-1445
2024-05-04,25-10-1445
2024-05-05,26-10-1445
2024-05-06,27-10-1445
2024-05-07,28-10-1445
2024-05-08,29-10-1445
2024-05-09,01-11-1445
2024-05-10,02-11-1445
2024-05-11,03-11-1445
2024-05-12,04-11-1445
2024-05-13,05-11-1445
2024-05-14,06-11-1445
2024-05-15,07-11-1445
2024-05-16,08-11-1445
2024-05-17,09-11-1445
2024-05-18,10-11-1445
2024-05-19,11-11-1445
2024-05-20,12-11-1445
2024-05-21,13-11-1445
2024-05-22,14-11-1445
2024-05-23,15-11-1445
2024-05-24,16-11-1445
2024-05-25,17-11-1445
2024-05-26,18-11-1445
2024-05-27,19-11-1445
2024-05-28,20-11-1445
2024-05-29,21-11-1445
2024-05-30,22-11-1445
2024-05-31,23-11-1445
2024-06-01,24-11-1445
2024-06-02,25-11-1445
2024-06-03,26-11-1445
2024-06-04,27-11-1445
2024-06-05,28-11-1445
2024-06-06,29-11-1445
2024-06-07,01-12-1445
2024-06-08,02-12-1445
2024-06-09,03-12-1445
2024-06-10,04-12-1445
2024-06-11,05-12-1445
2024-06-12,06-12-1445
2024-06-13,07-12-1445
2024-06-14,08-12-1445
2024-06-15,09-12-1445
2024-06-16,10-12-1445
2024-06-17,11-12-1445
2024-06-18,12-12-1445
2024-06-19,13-12-1445
2024-06-20,14-12-1445
2024-06-21,15-12-1445
2024-06-22,16-12-1445
2024-06-23,17-12-1445
2024-06-24,18-12-1445
2024-06-25,19-12-1445
2024-06-26,20-12-1445
2024-06-27,21-12-1445
2024-06-28,22-12-1445
2024-06-29,23-12-1445
2024-06-30,24-12-1445
2024-07-01,25-12-1445
2024-07-02,26-12-1445
2024-07-03,27-12-1445
2024-07-04,28-12-1445
2024-07-05,29-12-1445
2024-07-06,30-12-1445
2024-07-07,01-01-1446
2024-07-08,02-01-1446
2024-07-09,03-01-1446
2024-07-10,04-01-1446
2024-07-11,05-01-1446
2024-07-12,06-01-1446
2024-07-13,07-01-1446
2024-07-14,08-01-1446
2024-07-15,09-01-1446
2024-07-16,10-01-1446
2024-07-17,11-01-1446
2024-07-18,12-01-1446
2024-07-19,13-01-1446
2024-07-20,14-01-1446
2024-07-21,15-01-1446
2024-07-22,16-01-1446
2024-07-23,17-01-1446
2024-07-24,18-01-1446
2024-07-25,19-01-1446
2024-07-26,20-01-1446
2024-07-27,21-01-1446
2024-07-28,22-01-1446
2024-07-29,23-01-1446
2024-07-30,24-01-1446
2024-07-31,25-01-1446
2024-08-01,26-01-1446
2024-08-02,27-01-1446
2024-08-03,28-01-1446
2024-08-04,29-01-1446
2024-08-05,01-02-1446
2024-08-06,02-02-1446
2024-08-07,03-02-1446
2024-08-08,04-02-1446
2024-08-09,05-02-1446
2024-08-10,06-02-1446
2024-08-11,07-02-1446
2024-08-12,08-02-1446
2024-08-13,09-02-1446
2024-08-14,10-02-1446
2024-08-15,11-02-1446
2024-08-16,12-02-1446
2024-08-17,13-02-1446
2024-08-18,14-02-1446
2024-08-19,15-02-1446
2024-08-20,16-02-1446
2024-08-21,17-02-1446
2024-08-22,18-02-1446
2024-08-23,19-02-1446
2024-08-24,20-02-1446
2024-08-25,21-02-1446
2024-08-26,22-02-1446
2024-08-27,23-02-1446
2024-08-28,24-02-1446
2024-08-29,25-02-1446
2024-08-30,26-02-1446
2024-08-31,27-02-1446
2024-09-01,28-02-1446
2024-09-02,29-02-1446
2024-09-03,30-02-1446
2024-09-04,01-03-1446
2024-09-05,02-03-1446
2024-09-06,03-03-1446
2024-09-07,04-03-1446
2024-09-08,05-03-1446
2024-09-09,06-03-1446
2024-09-10,07-03-1446
2024-09-11,08-03-1446
2024-09-12,09-03-1446
2024-09-13,10-03-1446
2024-09-14,11-03-1446
2024-09-15,12-03-1446
2024-09-16,13-03-1446
2024-09-17,14-03-1446
2024-09-18,15-03-1446
2024-09-19,16-03-1446
2024-09-20,17-03-1446
2024-09-21,18-03-1446
2024-09-22,19-03-1446
2024-09-23,20-03-1446
2024-09-24,21-03-1446
2024-09-25,22-03-1446
2024-09-26,23-03-1446
2024-09-27,24-03-1446
2024-09-28,25-03-1446
2024-09-29,26-03-1446
2024-09-30,27-03-1446
2024-10-01,28-03-1446
2024-10-02,29-03-1446
2024-10-03,30-03-1446
2024-10-04,01-04-1446
2024-10-05,02-04-1446
2024-10-06,03-04-1446
2024-10-07,04-04-1446
2024-10-08,05-04-1446
2024-10-09,06-04-1446
2024-10-10,07-04-1446
2024-10-11,08-04-1446
2024-10-12,09-04-1446
2024-10-13,10-04-1446
2024-10-14,11-04-1446
2024-10-15,12-04-1446
2024-10-16,13-04-1446
2024-10-17,14-04-1446
2024-10-18,15-04-1446
2024-10-19,16-04-1446
2024-10-20,17-04-1446
2024-10-21,18-04-1446
2024-10-22,19-04-1446
2024-10-23,20-04-1446
2024-10-24,21-04-1446
2024-10-25,22-04-1446
2024-10-26,23-04-1446
2024-10-27,24-04-1446
2024-10-28,25-04-1446
2024-10-29,26-04-1446
2024-10-30,27-04-1446
2024-10-31,28-04-1446
2024-11-01,29-04-1446
2024-11-02,30-04-1446
2024-11-03,01-05-1446
2024-11-04,02-05-1446
2024-11-05,03-05-1446
2024-11-06,04-05-1446
2024-11-07,05-05-1446
2024-11-08,06-05-1446
2024-11-09,07-05-1446
2024-11-10,08-05-1446
2024-11-11,09-05-1446
2024-11-12,10-05-1446
2024-11-13,11-05-1446
2024-11-14,12-05-1446
2024-11-15,13-05-1446
2024-11-16,14-05-1446
2024-11-17,15-05-1446
2024-11-18,16-05-1446
2024-11-19,17-05-1446
2024-11-20,18-05-1446
2024-11-21,19-05-1446
2024-11-22,20-05-1446
2024-11-23,21-05-1446
2024-11-24,22-05-1446
2024-11-25,23-05-1446
2024-11-26,24-05-1446
2024-11-27,25-05-1446
2024-11-28,26-05-1446
2024-11-29,27-05-1446
2024-11-30,28-05-1446
2024-12-01,29-05-1446
2024-12-02,01-06-1446
2024-12-03,02-06-1446
2024-12-04,03-06-1446
2024-12-05,04-06-1446
2024-12-06,05-06-1446
2024-12-07,06-06-1446
2024-12-08,07-06-1446
2024-12-09,08-06-1446
2024-12-10,09-06-1446
2024-12-11,10-06-1446
2024-12-12,11-06-1446
2024-12-13,12-06-1446
2024-12-14,13-06-1446
2024-12-15,14-06-1446
2024-12-16,15-06-1446
2024-12-17,16-06-1446
2024-12-18,17-06-1446
2024-12-19,18-06-1446
2024-12-20,19-06-1446
2024-12-21,20-06-1446
2024-12-22,21-06-1446
2024-12-23,22-06-1446
2024-12-24,23-06-1446
2024-12-25,24-06-1446
2024-12-26,25-06-1446
2024-12-27,26-06-1446
2024-12-28,27-06-1446
2024-12-29,28-06-1446
2024-12-30,29-06-1446
2024-12-31,30-06-1446
2025-01-01,01-07-1446
